Euro Truck Simulator 2 - HS-Schoch Tuning Pack,199,1209461
Euro Truck Simulator 2 - Bulgarian Paint Jobs  Pack,99,1159030
Euro Truck Simulator 2 - Goodyear Tyres Pack,299,1117140
Euro Truck Simulator 2 - Pink Ribbon Charity Pack,199,1068290
Euro Truck Simulator 2 - Actros Tuning Pack,399,1056761
Euro Truck Simulator 2 - Road to the Black Sea,1799,1056760
Euro Truck Simulator 2 - Lithuanian Paint Jobs Pack,99,980592
Euro Truck Simulator 2 - Latvian Paint Jobs Pack,99,980591
Euro Truck Simulator 2 - Estonian Paint Jobs Pack,99,980590
Euro Truck Simulator 2 - Krone Trailer Pack,399,933610
Euro Truck Simulator 2 - Space Paint Jobs Pack,199,925650
Euro Truck Simulator 2 - Beyond the Baltic Sea,1799,925580
Euro Truck Simulator 2 - Dutch Paint Jobs Pack,99,909640
Euro Truck Simulator 2 - Portuguese Paint Jobs Pack,99,876980
Euro Truck Simulator 2 - Special Transport,499,558245
Euro Truck Simulator 2 - Italia,1799,558244
Euro Truck Simulator 2 - Valentine's Paint Jobs Pack,199,558243
Euro Truck Simulator 2 - Australian Paint Jobs Pack,99,558242
Euro Truck Simulator 2 - Romanian Paint Jobs Pack,99,558241
Euro Truck Simulator 2 - Dragon Truck Design Pack,199,558240
Euro Truck Simulator 2 - Belgian Paint Jobs Pack,99,540721
Euro Truck Simulator 2 - Finnish Paint Jobs Pack,99,540720
Euro Truck Simulator 2 - Heavy Cargo Pack,499,531131
Euro Truck Simulator 2 - Vive la France !,1799,531130
Euro Truck Simulator 2 - XF Tuning Pack,399,461249
Euro Truck Simulator 2 - Pirate Paint Jobs Pack,199,461248
Euro Truck Simulator 2 - Chinese Paint Jobs Pack,99,461247
Euro Truck Simulator 2 - Swiss Paint Jobs Pack,99,461246
Euro Truck Simulator 2 - South Korean Paint Jobs Pack,99,461245
Euro Truck Simulator 2 - Mighty Griffin Tuning Pack,399,461244
Euro Truck Simulator 2 - Austrian Paint Jobs Pack,99,461243
Euro Truck Simulator 2 - Window Flags,99,461242
Euro Truck Simulator 2 - Spanish Paint Jobs Pack,99,461241
Euro Truck Simulator 2 - Slovak Paint Jobs Pack,99,461240
Euro Truck Simulator 2 - Hungarian Paint Jobs Pack,99,388479
Euro Truck Simulator 2 - Schwarzmüller Trailer Pack,299,388477
Euro Truck Simulator 2 - Italian Paint Jobs Pack,99,388476
Euro Truck Simulator 2 - Wheel Tuning Pack,299,388475
Euro Truck Simulator 2 - Turkish Paint Jobs Pack,99,388474
Euro Truck Simulator 2 - Japanese Paint Jobs Pack,99,388472
Euro Truck Simulator 2 - Michelin Fan Pack,299,388471
Euro Truck Simulator 2 - Cabin Accessories,399,388470
Euro Truck Simulator 2 - Russian Paint Jobs Pack,99,347213
Euro Truck Simulator 2 - Viking Legends,199,347212
Euro Truck Simulator 2 - Swedish Paint Jobs Pack,99,347211
Euro Truck Simulator 2 - Danish Paint Jobs Pack,99,347210
Euro Truck Simulator 2 - Norwegian Paint Jobs Pack,99,347190
Euro Truck Simulator 2 - Raven Truck Design Pack,199,318521
Euro Truck Simulator 2 - Christmas Paint Jobs Pack,199,318520
Euro Truck Simulator 2 - Czech Paint Jobs Pack,99,318511
Euro Truck Simulator 2 - French Paint Jobs Pack,99,318510
Euro Truck Simulator 2 - German Paint Jobs Pack,99,318500
Euro Truck Simulator 2 - High Power Cargo Pack,449,304214
Euro Truck Simulator 2 - Canadian Paint Jobs Pack,99,304213
Euro Truck Simulator 2 - Scandinavia,1799,304212
Euro Truck Simulator 2 - USA Paint Jobs Pack,99,304211
Euro Truck Simulator 2 - Fantasy Paint Jobs Pack,199,304210
Euro Truck Simulator 2 - Brazilian Paint Jobs Pack,99,304140
Euro Truck Simulator 2 - Polish Paint Jobs Pack,99,304020
Euro Truck Simulator 2 - Flip Paint Designs,199,301180
Euro Truck Simulator 2 - Scottish Paint Jobs Pack,99,297793
Euro Truck Simulator 2 - Irish Paint Jobs Pack,99,297792
Euro Truck Simulator 2 - UK Paint Jobs Pack,99,297791
Euro Truck Simulator 2 - Metallic Paint Jobs Pack,199,297790
Euro Truck Simulator 2 - Force of Nature Paint Jobs Pack,199,292320
Euro Truck Simulator 2 - Prehistoric Paint Jobs Pack,199,266931
Euro Truck Simulator 2 - Ice Cold Paint Jobs Pack,199,266930
Euro Truck Simulator 2 - Halloween Paint Jobs Pack,199,258460
Euro Truck Simulator 2 - Going East!,999,227310
